High,Low,Open,Close
1.55,0.82,1.4,1.4
1.55,0.82,1.4,1.4
1.55,0.82,1.4,1.4
1.55,0.82,1.4,1.4
1.55,0.82,1.4,1.4
1.55,0.82,1.35,1.4
1.55,0.82,1.35,1.35
1.55,0.82,1.35,1.35
1.55,0.82,1.4,1.35
1.55,0.82,1.4,1.4
1.55,0.82,1.4,1.4
1.55,0.82,1.4,1.4
1.55,0.82,1.4,1.4
1.55,0.82,1.4,1.4
1.55,0.82,1.4,1.4
1.55,0.82,1.4,1.4
1.55,0.82,1.4,1.4
1.55,0.82,1.4,1.4
1.55,0.82,1.4,1.4
1.55,0.82,1.4,1.4
1.55,0.82,1.4,1.4
1.55,0.82,1.4,1.4
1.55,0.82,1.4,1.4
1.55,0.82,1.4,1.4
1.55,0.82,1.4,1.4
1.55,0.82,1.4,1.4
1.55,0.82,1.4,1.4
1.55,0.82,1.4,1.4
1.55,0.82,1.4,1.4
1.55,0.82,1.4,1.4
1.55,0.82,1.4,1.4
1.55,0.82,1.4,1.4
1.55,0.82,1.4,1.4
1.55,0.82,1.37,1.4
1.55,0.82,1.36,1.37
1.55,0.82,1.37,1.36
1.55,0.82,1.37,1.37
1.55,0.82,1.37,1.37
1.55,0.82,1.37,1.37
1.55,0.82,1.37,1.37
1.55,0.82,1.37,1.37
1.55,0.82,1.37,1.37
1.55,0.82,1.38,1.37
1.55,0.82,1.38,1.38
1.55,0.82,1.38,1.38
1.55,0.82,1.38,1.38
1.55,0.82,1.38,1.38
1.55,0.82,1.38,1.38
1.55,0.82,1.38,1.38
1.55,0.82,1.4,1.38
1.55,0.82,1.4,1.4
1.55,0.82,1.4,1.4
1.55,0.82,1.4,1.4
1.55,0.82,1.4,1.4
1.55,0.82,1.4,1.4
1.55,0.82,1.4,1.4
1.55,0.82,1.4,1.4
1.55,0.82,1.4,1.4
1.55,0.82,1.4,1.4
1.55,0.82,1.44,1.4
1.55,0.82,1.44,1.44
1.55,0.82,1.45,1.44
1.55,0.82,1.45,1.45
1.55,0.82,1.45,1.45
1.55,0.82,1.45,1.45
1.55,0.82,1.45,1.45
1.55,0.82,1.45,1.45
1.55,0.82,1.45,1.45
1.55,0.82,1.45,1.45
1.55,0.82,1.45,1.45
1.55,0.82,1.45,1.45
1.55,0.82,1.45,1.45
1.55,0.82,1.45,1.45
1.55,0.82,1.45,1.45
1.55,0.82,1.45,1.45
1.55,0.82,1.45,1.45
1.55,0.82,1.45,1.45
1.55,0.82,1.45,1.45
1.55,0.82,1.45,1.45
1.55,0.82,1.45,1.45
1.55,0.82,1.45,1.45
1.55,0.82,1.48,1.45
1.55,0.82,1.5,1.5
1.55,0.82,1.5,1.5
1.55,0.82,1.5,1.5
1.55,0.82,1.5,1.5
1.55,0.82,1.5,1.5
1.55,0.82,1.5,1.5
1.55,0.82,1.5,1.5
1.55,0.82,1.5,1.5
1.55,0.82,1.5,1.5
1.55,0.82,1.5,1.5
1.55,0.82,1.5,1.5
1.55,0.82,1.53,1.5
1.55,0.82,1.53,1.53
1.55,0.82,1.53,1.53
1.55,0.82,1.54,1.53
1.55,0.82,1.55,1.54
1.55,0.82,1.55,1.55
1.55,0.82,1.43,1.55
1.45,0.82,1.43,1.43
1.45,0.82,1.4,1.43
1.45,0.82,1.4,1.4
1.45,0.82,1.4,1.4
1.45,0.82,1.36,1.4
1.45,0.82,1.36,1.36
1.45,0.82,1.36,1.36
1.45,0.82,1.36,1.36
1.45,0.82,1.36,1.36
1.45,0.82,1.36,1.36
1.45,0.82,1.36,1.36
1.45,0.82,1.36,1.36
1.45,0.82,1.36,1.36
1.45,0.82,1.45,1.36
1.45,0.82,1.45,1.45
1.45,0.82,1.45,1.45
1.45,0.82,1.33,1.45
1.33,0.82,1.33,1.33
1.33,0.82,1.32,1.33
1.32,0.82,1.32,1.32
1.32,0.82,1.32,1.32
1.32,0.82,1.32,1.32
1.32,0.82,1.32,1.32
1.32,0.82,1.3,1.32
1.3,0.82,1.28,1.3
1.3,0.82,1.24,1.26
1.3,0.82,1.23,1.24
1.3,0.82,1.24,1.23
1.3,0.82,1.24,1.24
1.3,0.82,1.19,1.24
1.3,0.82,1.19,1.19
1.3,0.82,1.19,1.19
1.3,0.82,1.19,1.19
1.3,0.82,1.19,1.19
1.3,0.82,1.19,1.19
1.3,0.82,1.19,1.19
1.3,0.82,1.19,1.19
1.3,0.82,1.1,1.19
1.3,0.82,1.09,1.09
1.3,0.82,1.09,1.09
1.3,0.82,1.09,1.09
1.3,0.82,1.09,1.09
1.3,0.82,1.08,1.09
1.3,0.82,1.1,1.08
1.3,0.82,1.1,1.1
1.3,0.82,1.1,1.1
1.3,0.82,1.11,1.1
1.3,0.82,1.13,1.11
1.3,0.82,1.14,1.13
1.3,0.82,1.14,1.14
1.3,0.82,1.14,1.14
1.3,0.82,1.26,1.14
1.3,0.82,1.26,1.26
1.3,0.82,1.26,1.26
1.3,0.82,1.25,1.26
1.3,0.82,1.25,1.25
1.3,0.82,1.25,1.25
1.3,0.82,1.25,1.25
1.3,0.82,1.2,1.25
1.3,0.82,1.25,1.2
1.3,0.82,1.25,1.25
1.3,0.82,1.25,1.25
1.3,0.82,1.26,1.25
1.3,0.82,1.26,1.26
1.3,0.82,1.26,1.26
1.3,0.82,1.26,1.26
1.3,0.82,1.26,1.26
1.3,0.82,1.2,1.26
1.3,0.82,1.2,1.2
1.3,0.82,1.2,1.2
1.3,0.82,1.2,1.2
1.3,0.82,1.2,1.2
1.3,0.82,1.2,1.2
1.3,0.82,1.2,1.2
1.3,0.82,1.26,1.2
1.3,0.82,1.26,1.26
1.3,0.82,1.26,1.26
1.3,0.82,1.26,1.26
1.3,0.82,1.26,1.26
1.3,0.82,1.26,1.26
1.3,0.82,1.25,1.26
1.3,0.82,1.22,1.25
1.3,0.82,1.3,1.22
1.3,0.82,1.3,1.3
1.3,0.82,1.3,1.3
1.3,0.82,1.3,1.3
1.3,0.82,1.3,1.3
1.3,0.82,1.2,1.3
1.2,0.82,1.2,1.2
1.2,0.82,1.2,1.2
1.2,0.82,1.2,1.2
1.2,0.82,1.2,1.2
1.2,0.82,1.16,1.2
1.16,0.82,1.1,1.16
1.1,0.82,1.03,1.1
1.03,0.82,1,1.03
1,0.82,0.95,1
0.95,0.82,0.93,0.95
0.93,0.82,0.93,0.93
0.93,0.82,0.93,0.93
0.93,0.82,0.93,0.93
0.93,0.82,0.92,0.93
0.92,0.82,0.92,0.92
0.92,0.82,0.92,0.92
0.92,0.82,0.92,0.92
0.92,0.82,0.92,0.92
0.92,0.82,0.9,0.92
0.9,0.82,0.9,0.9
0.9,0.82,0.9,0.9
0.9,0.82,0.9,0.9
0.9,0.82,0.9,0.9
0.9,0.82,0.9,0.9
0.9,0.82,0.9,0.9
0.9,0.82,0.9,0.9
0.9,0.82,0.88,0.9
0.88,0.82,0.88,0.88
0.88,0.82,0.88,0.88
0.88,0.82,0.88,0.88
0.88,0.82,0.88,0.88
0.88,0.82,0.82,0.88
0.88,0.82,0.87,0.82
0.88,0.82,0.82,0.87
0.88,0.82,0.82,0.82
0.88,0.82,0.88,0.82
0.88,0.88,0.88,0.88
0.88,0.88,0.88,0.88
0.88,0.88,0.88,0.88
0.88,0.88,0.88,0.88
0.88,0.88,0.88,0.88
0.88,0.88,0.88,0.88
0.88,0.88,0.88,0.88
0.88,0.88,0.88,0.88
0.88,0.88,0.88,0.88
0.88,0.88,0.88,0.88
0.88,0.88,0.88,0.88
0.88,0.88,0.88,0.88
0.88,0.88,0.88,0.88
1.4,1.4,1.4,1.4
0.88,0.88,0.88,0.88
0.88,0.88,0.88,0.88
0.88,0.88,0.88,0.88
0.88,0.88,0.88,0.88
1.11,0.75,0.88,0.88
1.11,0.75,0.88,0.88
1.11,0.75,0.88,0.88
1.11,0.75,0.88,0.88
1.11,0.75,0.88,0.88
1.11,0.75,0.88,0.88
1.11,0.75,0.88,0.88
1.11,0.75,0.88,0.88
1.11,0.75,0.88,0.88
1.11,0.75,0.88,0.88
1.11,0.75,0.88,0.88
1.11,0.75,0.88,0.88
1.11,0.75,0.88,0.88
1.11,0.75,0.88,0.88
1.11,0.75,0.88,0.88
1.11,0.75,0.88,0.88
1.11,0.75,0.88,0.88
1.11,0.75,0.88,0.88
1.11,0.75,0.88,0.88
1.11,0.75,0.88,0.88
1.11,0.75,0.88,0.88
1.11,0.75,0.88,0.88
1.11,0.75,0.88,0.88
1.11,0.75,0.88,0.88
1.11,0.75,0.88,0.88
1.11,0.75,0.88,0.88
1.11,0.75,0.88,0.88
1.11,0.75,0.88,0.88
1.11,0.75,0.88,0.88
1.11,0.75,0.87,0.88
1.11,0.75,0.87,0.87
1.11,0.75,0.87,0.87
1.11,0.75,0.88,0.87
1.11,0.75,0.88,0.88
1.11,0.75,0.88,0.88
1.11,0.75,0.88,0.88
1.11,0.75,0.88,0.88
1.11,0.75,0.87,0.88
1.11,0.75,0.87,0.87
1.11,0.75,0.88,0.87
1.11,0.75,0.88,0.88
1.11,0.75,0.88,0.88
1.11,0.75,0.88,0.88
1.11,0.75,0.88,0.88
1.11,0.75,0.88,0.88
1.11,0.75,0.88,0.88
1.11,0.75,0.87,0.88
1.11,0.75,0.8,0.87
1.11,0.75,0.8,0.8
1.11,0.75,0.88,0.8
1.11,0.75,0.88,0.88
1.11,0.75,0.88,0.88
1.11,0.75,0.88,0.88
1.11,0.75,0.88,0.88
1.11,0.75,0.88,0.88
1.11,0.75,0.88,0.88
1.11,0.75,0.88,0.88
1.11,0.75,0.88,0.88
1.11,0.75,0.88,0.88
1.11,0.75,0.88,0.88
1.11,0.75,0.88,0.88
1.11,0.75,0.88,0.88
1.11,0.75,0.88,0.88
1.11,0.75,0.88,0.88
1.11,0.75,0.88,0.88
1.11,0.75,0.88,0.88
1.11,0.75,0.91,0.88
1.11,0.75,0.91,0.91
1.11,0.75,0.91,0.91
1.11,0.75,0.91,0.91
1.11,0.75,0.91,0.91
1.11,0.75,0.91,0.91
1.11,0.75,0.91,0.91
1.11,0.75,0.91,0.91
1.11,0.75,0.91,0.91
1.11,0.75,0.91,0.91
1.11,0.75,0.91,0.91
1.11,0.75,0.91,0.91
1.11,0.75,0.91,0.91
1.11,0.75,0.91,0.91
1.11,0.75,0.91,0.91
1.11,0.75,0.91,0.91
1.11,0.75,0.91,0.91
1.11,0.75,0.91,0.91
1.11,0.75,0.91,0.91
1.11,0.75,0.91,0.91
1.11,0.75,0.91,0.91
1.11,0.75,0.91,0.91
1.11,0.75,0.91,0.91
1.11,0.75,0.95,0.91
1.11,0.75,0.95,0.95
1.11,0.75,0.95,0.95
1.11,0.75,0.95,0.95
1.11,0.75,0.95,0.95
1.11,0.75,0.95,0.95
1.11,0.75,0.95,0.95
1.11,0.75,0.88,0.95
1.11,0.75,0.88,0.88
1.11,0.75,0.8,0.88
1.11,0.75,0.8,0.8
1.11,0.75,0.8,0.8
1.11,0.75,0.8,0.8
1.11,0.75,0.75,0.8
1.11,0.75,0.83,0.75
1.11,0.83,0.91,0.83
1.11,0.83,0.91,0.91
1.11,0.83,0.91,0.91
1.11,0.83,0.83,0.91
1.11,0.83,0.83,0.83
1.11,0.83,0.83,0.83
1.11,0.83,0.83,0.83
1.11,0.83,0.83,0.83
1.11,0.83,0.83,0.83
1.11,0.83,0.83,0.83
1.11,0.83,0.83,0.83
1.11,0.83,0.87,0.83
1.11,0.86,0.9,0.87
1.11,0.86,0.9,0.9
1.11,0.86,0.9,0.9
1.11,0.86,0.9,0.9
1.11,0.86,0.9,0.9
1.11,0.86,0.9,0.9
1.11,0.86,0.9,0.9
1.11,0.86,0.9,0.9
1.11,0.86,0.9,0.9
1.11,0.86,0.9,0.9
1.11,0.86,0.87,0.9
1.11,0.86,0.87,0.87
1.11,0.86,0.87,0.87
1.11,0.86,0.86,0.87
1.11,0.86,0.86,0.86
1.11,0.86,0.86,0.86
1.11,0.86,0.9,0.86
1.11,0.9,0.9,0.9
1.11,0.9,0.9,0.9
1.11,0.9,0.9,0.9
1.11,0.9,0.9,0.9
1.11,0.9,0.9,0.9
1.11,0.9,0.9,0.9
1.11,0.9,0.9,0.9
1.11,0.9,0.9,0.9
1.11,0.9,0.9,0.9
1.11,0.9,0.9,0.9
1.11,0.9,0.9,0.9
1.11,0.9,0.9,0.9
1.11,0.9,0.9,0.9
1.11,0.9,0.9,0.9
1.11,0.9,0.9,0.9
1.11,0.9,0.9,0.9
1.11,0.9,0.9,0.9
1.11,0.9,0.9,0.9
1.11,0.9,0.9,0.9
1.11,0.9,0.9,0.9
1.11,0.9,0.94,0.9
1.11,0.9,0.92,0.94
1.11,0.9,0.9,0.92
1.11,0.9,0.9,0.9
1.11,0.9,0.9,0.9
1.11,0.9,0.92,0.9
1.11,1,1,1
1.11,1,1,1
1.11,1,1,1
1.11,1,1,1
1.11,1,1,1
1.11,1,1,1
1.11,1,1,1
1.11,1,1,1
1.11,1,1,1
1.11,1,1,1
1.11,1,1,1
1.11,1,1,1
1.11,1,1,1
1.11,1,1,1
1.11,1,1,1
1.11,1,1,1
1.11,1,1,1
1.11,1,1,1
1.11,1,1,1
1.11,1,1,1
1.11,1,1,1
1.11,1,1,1
1.11,1,1.06,1
1.11,1.05,1.06,1.06
1.11,1.05,1.06,1.06
1.11,1.05,1.06,1.06
1.11,1.05,1.06,1.06
1.11,1.05,1.06,1.06
1.11,1.05,1.06,1.06
1.11,1.05,1.06,1.06
1.11,1.05,1.06,1.06
1.11,1.05,1.06,1.06
1.11,1.05,1.06,1.06
1.11,1.05,1.06,1.06
1.11,1.05,1.06,1.06
1.11,1.05,1.06,1.06
1.11,1.05,1.08,1.06
1.11,1.05,1.08,1.08
1.11,1.05,1.08,1.08
1.11,1.05,1.08,1.08
1.11,1.05,1.08,1.08
1.11,1.05,1.08,1.08
1.11,1.05,1.08,1.08
1.11,1.05,1.08,1.08
1.11,1.05,1.08,1.08
1.11,1.05,1.05,1.08
1.11,1.05,1.05,1.05
1.11,1.05,1.05,1.05
1.11,1.05,1.05,1.05
1.11,1.05,1.05,1.05
1.11,1.05,1.05,1.05
1.11,1.05,1.05,1.05
1.11,1.05,1.05,1.05
1.11,1.05,1.05,1.05
1.11,1.05,1.05,1.05
1.11,1.05,1.08,1.05
1.11,1.06,1.08,1.08
1.11,1.06,1.08,1.08
1.11,1.06,1.08,1.08
1.11,1.06,1.08,1.08
1.11,1.06,1.08,1.08
1.11,1.06,1.08,1.08
1.11,1.06,1.08,1.08
1.11,1.06,1.09,1.08
1.11,1.06,1.11,1.09
1.11,1.06,1.11,1.11
1.11,1.06,1.11,1.11
1.11,1.06,1.11,1.11
1.11,1.06,1.11,1.11
1.11,1.06,1.11,1.11
1.11,1.06,1.11,1.11
1.11,1.06,1.11,1.11
1.11,1.06,1.11,1.11
1.11,1.06,1.11,1.11
1.11,1.06,1.09,1.11
1.11,1.06,1.09,1.09
1.11,1.06,1.09,1.09
1.11,1.06,1.08,1.09
1.11,1.06,1.06,1.08
1.11,1.06,1.03,1.06
1.11,1.06,1.03,1.03
1.11,1.06,1.07,1.03
1.11,1.06,1.07,1.07
1.11,1.06,1.06,1.07
1.11,1.06,1.11,1.06
1.33,0.64,1.12,1.11
1.33,0.64,1.13,1.12
1.33,0.64,1.13,1.13
1.33,0.64,1.13,1.13
1.33,0.64,1.13,1.13
1.33,0.64,1.16,1.13
1.33,0.64,1.16,1.16
1.33,0.64,1.16,1.16
1.33,0.64,1.15,1.16
1.33,0.64,1.16,1.15
1.33,0.64,1.16,1.16
1.33,0.64,1.16,1.16
1.33,0.64,1.16,1.16
1.33,0.64,1.15,1.16
1.33,0.64,1.15,1.15
1.33,0.64,1.16,1.15
1.33,0.64,1.18,1.16
1.33,0.64,1.18,1.18
1.33,0.64,1.18,1.18
1.33,0.64,1.2,1.18
1.33,0.64,1.2,1.2
1.33,0.64,1.2,1.2
1.33,0.64,1.2,1.2
1.33,0.64,1.2,1.2
1.33,0.64,1.2,1.2
1.33,0.64,1.24,1.2
1.33,0.64,1.25,1.24
1.33,0.64,1.32,1.32
1.33,0.64,1.33,1.32
1.33,0.64,1.32,1.33
1.32,0.64,1.3,1.32
1.3,0.64,1.3,1.3
1.3,0.64,1.29,1.3
1.3,0.64,1.27,1.29
1.3,0.64,1.3,1.27
1.3,0.64,1.27,1.3
1.27,0.64,1.27,1.27
1.27,0.64,1.27,1.27
1.27,0.64,1.24,1.27
1.26,0.64,1.24,1.21
1.26,0.64,1.24,1.21
1.26,0.64,1.24,1.21
1.26,0.64,1.2,1.24
1.26,0.64,1.2,1.2
1.26,0.64,1.2,1.2
1.26,0.64,1.2,1.2
1.26,0.64,1.2,1.2
1.26,0.64,1.2,1.2
1.26,0.64,1.2,1.2
1.26,0.64,1.2,1.2
1.26,0.64,1.2,1.2
1.26,0.64,1.2,1.2
1.26,0.64,1.2,1.2
1.26,0.64,1.21,1.2
1.26,0.64,1.23,1.21
1.26,0.64,1.23,1.23
1.26,0.64,1.24,1.23
1.26,0.64,1.24,1.24
1.26,0.64,1.24,1.24
1.26,0.64,1.24,1.24
1.26,0.64,1.24,1.24
1.26,0.64,1.24,1.24
1.26,0.64,1.23,1.24
1.26,0.64,1.23,1.23
1.26,0.64,1.14,1.23
1.26,0.64,1.12,1.14
1.26,0.64,1.12,1.12
1.26,0.64,1.24,1.12
1.26,0.64,1.24,1.24
1.26,0.64,1.24,1.24
1.26,0.64,1.24,1.24
1.26,0.64,1.24,1.24
1.26,0.64,1.26,1.24
1.26,0.64,1.26,1.26
1.26,0.64,1.26,1.26
1.26,0.64,1.26,1.26
1.26,0.64,1.24,1.26
1.26,0.64,1.24,1.24
1.26,0.64,1.24,1.24
1.26,0.64,1.24,1.24
1.26,0.64,1.24,1.24
1.26,0.64,1.24,1.24
1.26,0.64,1.24,1.24
1.26,0.64,1.24,1.24
1.26,0.64,1.23,1.24
1.26,0.64,1.24,1.23
1.26,0.64,1.26,1.24
1.26,0.64,1.26,1.26
1.26,0.64,1.26,1.26
1.26,0.64,1.26,1.26
1.26,0.64,1.26,1.26
1.26,0.64,1.26,1.26
1.26,0.64,1.26,1.26
1.26,0.64,1.26,1.26
1.26,0.64,1.26,1.26
1.26,0.64,1.26,1.26
1.26,0.64,1.26,1.26
1.26,0.64,1.26,1.26
1.26,0.64,1.26,1.26
1.26,0.64,1.26,1.26
1.26,0.64,1.26,1.26
1.26,0.64,1.26,1.26
1.26,0.64,1.25,1.26
1.26,0.64,1.25,1.25
1.26,0.64,1.25,1.25
1.26,0.64,1.25,1.25
1.26,0.64,1.2,1.25
1.26,0.64,1.2,1.2
1.26,0.64,1.18,1.2
1.26,0.64,1.18,1.18
1.26,0.64,1.2,1.18
1.26,0.64,1.2,1.2
1.26,0.64,1.21,1.2
1.26,0.64,1.21,1.21
1.26,0.64,1.21,1.21
1.26,0.64,1.2,1.21
1.26,0.64,1.2,1.2
1.26,0.64,1.2,1.2
1.26,0.64,1.2,1.2
1.26,0.64,1.2,1.2
1.26,0.64,1.2,1.2
1.26,0.64,1.2,1.2
1.26,0.64,1.2,1.2
1.26,0.64,1.2,1.2
1.26,0.64,1.2,1.2
1.26,0.64,1.2,1.2
1.26,0.64,1.2,1.2
1.26,0.64,1.2,1.2
1.26,0.64,1.2,1.2
1.26,0.64,1.2,1.2
1.26,0.64,1.2,1.2
1.26,0.64,1.2,1.2
1.26,0.64,1.2,1.2
1.26,0.64,1.2,1.2
1.26,0.64,1.2,1.2
1.26,0.64,1.24,1.2
1.26,0.64,1.25,1.24
1.26,0.64,1.25,1.25
1.26,0.64,1.25,1.25
1.26,0.64,1.25,1.25
1.26,0.64,1.25,1.25
1.26,0.64,1.1,1.15
1.26,0.64,1.1,1.1
1.26,0.64,1,1.1
1.26,0.64,1,1
1.26,0.64,1,1
1.26,0.64,1,1
1.26,0.64,1,1
1.26,0.64,1,1
1.26,0.64,1,1
1.26,0.64,1,1
1.26,0.64,1.02,1
1.26,0.64,1.06,1.02
1.26,0.64,1.13,1.06
1.26,0.64,1.14,1.13
1.26,0.64,1.14,1.14
1.26,0.64,1.17,1.14
1.26,0.64,1.19,1.17
1.26,0.64,1.24,1.19
1.26,0.64,1.24,1.24
1.26,0.64,1.26,1.24
1.26,0.64,1.25,1.26
1.25,0.64,1.23,1.25
1.23,0.64,1.14,1.23
1.14,0.64,1.04,1.14
1.04,0.64,1.04,1.04
1.04,0.64,0.96,1.04
0.96,0.64,0.96,0.96
0.96,0.64,0.96,0.96
0.96,0.64,0.96,0.96
0.96,0.64,0.96,0.96
0.96,0.64,0.95,0.96
0.95,0.64,0.94,0.95
0.94,0.64,0.93,0.94
0.93,0.64,0.93,0.93
0.93,0.64,0.93,0.93
0.93,0.64,0.93,0.93
0.93,0.64,0.93,0.93
0.93,0.64,0.93,0.93
0.93,0.64,0.89,0.93
0.89,0.64,0.89,0.89
0.89,0.64,0.85,0.89
0.85,0.64,0.85,0.85
0.85,0.64,0.85,0.85
0.85,0.64,0.85,0.85
0.85,0.64,0.85,0.85
0.85,0.64,0.85,0.85
0.85,0.64,0.85,0.85
0.85,0.64,0.85,0.85
0.85,0.64,0.85,0.85
0.85,0.64,0.85,0.85
0.85,0.64,0.83,0.85
0.85,0.64,0.83,0.83
0.85,0.64,0.85,0.83
0.85,0.64,0.85,0.85
0.84,0.64,0.84,0.84
0.84,0.64,0.84,0.84
0.84,0.64,0.83,0.84
0.83,0.64,0.83,0.83
0.83,0.64,0.83,0.83
0.83,0.64,0.83,0.83
0.83,0.64,0.83,0.83
0.83,0.64,0.83,0.83
0.83,0.64,0.82,0.83
0.82,0.64,0.8,0.82
0.8,0.64,0.8,0.8
0.8,0.64,0.8,0.8
0.8,0.64,0.8,0.8
0.8,0.64,0.8,0.8
0.8,0.64,0.8,0.8
0.8,0.64,0.8,0.8
0.8,0.64,0.8,0.8
0.8,0.64,0.8,0.8
0.8,0.64,0.79,0.8
0.79,0.64,0.75,0.79
0.75,0.64,0.73,0.75
0.73,0.64,0.72,0.73
0.72,0.64,0.7,0.72
0.7,0.64,0.7,0.7
0.7,0.64,0.7,0.7
0.7,0.64,0.68,0.7
0.68,0.64,0.68,0.68
0.68,0.64,0.68,0.68
0.68,0.64,0.68,0.68
0.68,0.64,0.68,0.68
0.68,0.64,0.68,0.68
0.68,0.64,0.68,0.68
0.68,0.64,0.68,0.68
0.68,0.64,0.68,0.68
0.68,0.64,0.67,0.68
0.67,0.64,0.66,0.67
0.66,0.64,0.66,0.66
0.66,0.64,0.66,0.66
0.66,0.64,0.66,0.66
0.66,0.64,0.66,0.66
0.66,0.64,0.66,0.66
0.66,0.64,0.65,0.66
0.65,0.64,0.65,0.65
0.65,0.64,0.64,0.65
0.64,0.64,0.64,0.64
0.64,0.64,0.64,0.64
0.7,0.55,0.64,0.64
0.7,0.55,0.64,0.64
0.7,0.55,0.64,0.64
0.7,0.55,0.64,0.64
0.7,0.55,0.63,0.64
0.7,0.55,0.63,0.63
0.7,0.55,0.63,0.63
0.7,0.55,0.62,0.63
0.7,0.55,0.62,0.63
0.7,0.55,0.62,0.63
0.7,0.55,0.62,0.62
0.7,0.55,0.62,0.62
0.7,0.55,0.61,0.62
0.7,0.55,0.61,0.61
0.7,0.55,0.62,0.61
0.7,0.55,0.62,0.62
0.7,0.55,0.61,0.62
0.7,0.55,0.61,0.61
0.7,0.55,0.61,0.61
0.7,0.55,0.61,0.61
0.7,0.55,0.61,0.61
0.7,0.55,0.61,0.61
0.7,0.55,0.6,0.6
0.7,0.55,0.61,0.6
0.7,0.55,0.61,0.61
0.7,0.55,0.61,0.61
0.7,0.55,0.61,0.61
0.7,0.55,0.6,0.61
0.7,0.55,0.6,0.6
0.7,0.55,0.61,0.6
0.7,0.55,0.61,0.61
0.7,0.55,0.61,0.61
0.7,0.55,0.61,0.61
0.7,0.55,0.61,0.61
0.7,0.55,0.61,0.61
0.7,0.55,0.61,0.61
0.7,0.55,0.61,0.61
0.7,0.55,0.61,0.61
0.7,0.55,0.61,0.61
0.7,0.55,0.61,0.61
0.7,0.55,0.61,0.61
0.7,0.55,0.61,0.61
0.7,0.55,0.61,0.61
0.7,0.55,0.61,0.61
0.7,0.55,0.61,0.61
0.7,0.55,0.61,0.61
0.7,0.55,0.62,0.61
0.7,0.55,0.62,0.62
0.7,0.55,0.62,0.62
0.7,0.55,0.62,0.62
0.7,0.55,0.61,0.62
0.7,0.55,0.61,0.61
0.7,0.55,0.61,0.61
0.7,0.55,0.61,0.61
0.7,0.55,0.61,0.61
0.7,0.55,0.61,0.61
0.7,0.55,0.61,0.61
0.7,0.55,0.6,0.61
0.7,0.55,0.6,0.6
0.7,0.55,0.6,0.6
0.7,0.55,0.6,0.6
0.7,0.55,0.6,0.6
0.7,0.55,0.6,0.6
0.7,0.55,0.61,0.6
0.7,0.55,0.61,0.61
0.7,0.55,0.61,0.61
0.7,0.55,0.6,0.61
0.7,0.55,0.6,0.6
0.7,0.55,0.6,0.6
0.7,0.55,0.6,0.6
0.7,0.55,0.6,0.6
0.7,0.55,0.6,0.6
0.7,0.55,0.6,0.6
0.7,0.55,0.58,0.6
0.7,0.55,0.59,0.58
0.7,0.55,0.59,0.59
0.7,0.55,0.59,0.59
0.7,0.55,0.59,0.59
0.7,0.55,0.59,0.59
0.7,0.55,0.59,0.59
0.7,0.55,0.59,0.59
0.7,0.55,0.59,0.59
0.7,0.55,0.58,0.59
0.7,0.55,0.59,0.58
0.7,0.55,0.59,0.59
0.7,0.55,0.59,0.59
0.7,0.55,0.59,0.59
0.7,0.55,0.59,0.59
0.7,0.55,0.58,0.59
0.7,0.55,0.59,0.58
0.7,0.55,0.59,0.59
0.7,0.55,0.58,0.59
0.7,0.55,0.58,0.58
0.7,0.55,0.58,0.58
0.7,0.55,0.58,0.58
0.7,0.55,0.58,0.58
0.7,0.55,0.58,0.58
0.7,0.55,0.58,0.58
0.7,0.55,0.58,0.58
0.7,0.55,0.58,0.58
0.7,0.55,0.58,0.58
0.7,0.55,0.58,0.58
0.7,0.55,0.58,0.58
0.7,0.55,0.58,0.58
0.7,0.55,0.57,0.58
0.7,0.55,0.57,0.57
0.7,0.55,0.56,0.57
0.7,0.55,0.56,0.56
0.7,0.55,0.56,0.56
0.7,0.55,0.56,0.56
0.7,0.55,0.56,0.56
0.7,0.55,0.57,0.56
0.7,0.55,0.57,0.57
0.7,0.55,0.56,0.57
0.57,0.56,0.57,0.56
0.57,0.57,0.57,0.57
0.57,0.57,0.57,0.57
0.57,0.57,0.57,0.57
0.7,0.55,0.57,0.57
0.7,0.55,0.57,0.57
0.7,0.55,0.57,0.57
0.7,0.55,0.58,0.57
0.7,0.55,0.58,0.58
0.7,0.55,0.58,0.58
0.7,0.55,0.58,0.58
0.7,0.55,0.59,0.58
0.7,0.55,0.59,0.59
0.7,0.55,0.56,0.59
0.7,0.55,0.56,0.56
0.7,0.55,0.56,0.56
0.7,0.55,0.59,0.56
0.7,0.55,0.59,0.59
0.7,0.55,0.59,0.59
0.7,0.55,0.59,0.59
0.7,0.55,0.59,0.59
0.7,0.55,0.6,0.59
0.7,0.55,0.58,0.6
0.7,0.55,0.58,0.58
0.7,0.55,0.58,0.58
0.7,0.55,0.58,0.58
0.7,0.55,0.59,0.58
0.7,0.55,0.59,0.59
0.7,0.55,0.58,0.59
0.7,0.55,0.58,0.58
0.7,0.55,0.57,0.58
0.7,0.55,0.56,0.57
0.7,0.55,0.55,0.56
0.7,0.55,0.55,0.55
0.7,0.55,0.55,0.55
0.7,0.55,0.56,0.55
0.7,0.56,0.61,0.56
0.7,0.58,0.61,0.58
0.7,0.58,0.61,0.6
0.7,0.58,0.61,0.61
0.7,0.58,0.59,0.61
0.7,0.58,0.6,0.59
0.7,0.58,0.6,0.6
0.7,0.58,0.58,0.6
0.7,0.58,0.58,0.58
0.7,0.58,0.62,0.58
0.7,0.61,0.64,0.62
0.7,0.61,0.61,0.64
0.7,0.61,0.61,0.61
0.7,0.61,0.61,0.61
0.7,0.61,0.66,0.61
0.7,0.62,0.64,0.66
0.7,0.62,0.68,0.64
0.7,0.62,0.64,0.68
0.7,0.62,0.7,0.64
0.7,0.62,0.62,0.7
0.7,0.62,0.68,0.62
0.7,0.65,0.69,0.68
0.7,0.65,0.69,0.69
0.7,0.65,0.66,0.69
0.7,0.65,0.68,0.66
0.7,0.65,0.68,0.68
0.7,0.65,0.68,0.68
0.7,0.65,0.68,0.68
0.7,0.65,0.68,0.68
0.7,0.65,0.68,0.68
0.7,0.65,0.68,0.68
0.7,0.65,0.65,0.68
0.7,0.65,0.66,0.65
0.7,0.66,0.66,0.66
0.7,0.66,0.68,0.66
0.7,0.66,0.66,0.68
0.7,0.66,0.68,0.66
0.7,0.66,0.68,0.68
0.7,0.66,0.68,0.68
0.7,0.66,0.68,0.68
0.7,0.66,0.68,0.68
0.7,0.66,0.68,0.68
0.7,0.66,0.68,0.68
0.7,0.66,0.68,0.68
0.7,0.66,0.68,0.68
0.7,0.66,0.68,0.68
0.7,0.66,0.68,0.68
0.7,0.66,0.69,0.68
0.7,0.66,0.68,0.69
0.7,0.66,0.68,0.68
0.7,0.66,0.7,0.68
0.7,0.66,0.7,0.7
0.7,0.66,0.68,0.7
0.7,0.66,0.68,0.68
0.7,0.66,0.68,0.68
0.7,0.66,0.67,0.68
0.7,0.66,0.7,0.67
0.7,0.66,0.68,0.7
0.7,0.66,0.7,0.68
0.7,0.66,0.67,0.7
0.7,0.66,0.67,0.67
0.7,0.66,0.67,0.67
0.7,0.66,0.67,0.67
0.7,0.66,0.67,0.67
0.7,0.66,0.67,0.67
0.7,0.66,0.67,0.67
0.7,0.66,0.67,0.67
0.7,0.66,0.68,0.67
0.7,0.66,0.67,0.68
0.7,0.66,0.68,0.67
0.7,0.66,0.67,0.68
0.7,0.66,0.67,0.67
0.7,0.66,0.68,0.67
0.7,0.66,0.66,0.68
0.7,0.66,0.68,0.66
0.7,0.67,0.67,0.68
0.7,0.67,0.68,0.67
0.7,0.67,0.68,0.68
0.7,0.67,0.68,0.68
0.7,0.67,0.68,0.68
0.7,0.67,0.68,0.68
0.7,0.67,0.69,0.68
0.7,0.67,0.67,0.69
0.7,0.67,0.68,0.67
0.7,0.68,0.7,0.68
0.7,0.68,0.68,0.7
0.7,0.68,0.68,0.68
0.7,0.68,0.7,0.68
0.7,0.69,0.69,0.7
0.7,0.69,0.7,0.69
0.7,0.69,0.69,0.7
0.7,0.69,0.7,0.69
0.7,0.7,0.7,0.7
0.7,0.7,0.7,0.7
0.7,0.7,0.7,0.7
0.7,0.7,0.7,0.7
0.7,0.7,0.7,0.7
0.7,0.7,0.7,0.7
0.7,0.7,0.7,0.7
0.7,0.7,0.7,0.7
0.8,0.67,0.7,0.7
0.8,0.67,0.7,0.7
0.8,0.67,0.7,0.7
0.8,0.67,0.7,0.7
0.8,0.67,0.69,0.7
0.8,0.67,0.7,0.69
0.8,0.67,0.7,0.7
0.8,0.67,0.7,0.7
0.8,0.67,0.7,0.7
0.8,0.67,0.7,0.7
0.8,0.67,0.71,0.7
0.8,0.67,0.73,0.71
0.8,0.67,0.71,0.73
0.8,0.67,0.7,0.71
0.8,0.67,0.7,0.7
0.8,0.67,0.7,0.7
0.8,0.67,0.7,0.7
0.8,0.67,0.7,0.7
0.8,0.67,0.7,0.7
0.8,0.67,0.7,0.7
0.8,0.67,0.7,0.7
0.8,0.67,0.7,0.7
0.8,0.67,0.7,0.7
0.8,0.67,0.7,0.71
0.8,0.67,0.7,0.71
0.8,0.67,0.7,0.7
0.8,0.67,0.7,0.7
0.8,0.67,0.7,0.7
0.8,0.67,0.7,0.7
0.8,0.67,0.7,0.7
0.8,0.67,0.7,0.7
0.8,0.67,0.7,0.7
0.8,0.67,0.7,0.7
0.8,0.67,0.7,0.7
0.8,0.67,0.7,0.7
0.8,0.67,0.7,0.7
0.8,0.67,0.7,0.7
0.8,0.67,0.7,0.7
0.8,0.67,0.7,0.7
0.8,0.67,0.7,0.7
0.8,0.67,0.7,0.7
0.8,0.67,0.7,0.7
0.8,0.67,0.7,0.7
0.8,0.67,0.7,0.7
0.8,0.67,0.7,0.7
0.8,0.67,0.7,0.7
0.8,0.67,0.7,0.7
0.8,0.67,0.7,0.7
0.8,0.67,0.7,0.7
0.8,0.67,0.7,0.7
0.8,0.67,0.7,0.7
0.8,0.67,0.7,0.7
0.8,0.67,0.7,0.7
0.8,0.67,0.7,0.7
0.8,0.67,0.7,0.7
0.8,0.67,0.7,0.7
0.8,0.67,0.7,0.7
0.8,0.67,0.71,0.7
0.8,0.67,0.7,0.71
0.8,0.67,0.7,0.7
0.8,0.67,0.69,0.7
0.8,0.67,0.69,0.69
0.8,0.67,0.69,0.69
0.8,0.67,0.7,0.69
0.8,0.67,0.7,0.7
0.8,0.67,0.7,0.7
0.8,0.67,0.7,0.7
0.8,0.67,0.7,0.7
0.8,0.67,0.7,0.7
0.8,0.67,0.71,0.7
0.8,0.67,0.71,0.71
0.8,0.67,0.7,0.71
0.8,0.67,0.7,0.7
0.8,0.67,0.71,0.7
0.8,0.67,0.7,0.71
0.8,0.67,0.7,0.7
0.8,0.67,0.7,0.7
0.8,0.67,0.7,0.7
0.8,0.67,0.7,0.7
0.8,0.67,0.72,0.7
0.8,0.67,0.7,0.72
0.8,0.67,0.7,0.7
0.8,0.67,0.72,0.7
0.8,0.67,0.72,0.72
0.8,0.67,0.73,0.72
0.8,0.67,0.72,0.73
0.8,0.67,0.7,0.72
0.8,0.67,0.7,0.7
0.8,0.67,0.7,0.7
0.8,0.67,0.7,0.7
0.8,0.67,0.7,0.7
0.8,0.67,0.7,0.7
0.8,0.67,0.7,0.7
0.8,0.67,0.71,0.7
0.8,0.67,0.73,0.71
0.8,0.67,0.73,0.73
0.8,0.67,0.73,0.73
0.8,0.67,0.7,0.73
0.8,0.67,0.7,0.7
0.8,0.67,0.7,0.7
0.8,0.67,0.7,0.7
0.8,0.67,0.71,0.7
0.8,0.67,0.72,0.71
0.8,0.67,0.72,0.72
0.8,0.67,0.7,0.72
0.8,0.67,0.7,0.7
0.8,0.67,0.71,0.7
0.8,0.67,0.7,0.71
0.8,0.67,0.72,0.7
0.8,0.67,0.72,0.72
0.8,0.67,0.71,0.72
0.8,0.67,0.72,0.71
0.8,0.67,0.7,0.72
0.8,0.67,0.7,0.7
0.8,0.67,0.7,0.7
0.8,0.67,0.7,0.7
0.8,0.67,0.71,0.7
0.8,0.67,0.72,0.71
0.8,0.67,0.71,0.72
0.8,0.67,0.7,0.71
0.8,0.67,0.7,0.7
0.8,0.67,0.7,0.7
0.8,0.67,0.7,0.7
0.8,0.67,0.7,0.7
0.8,0.67,0.7,0.7
0.8,0.67,0.71,0.7
0.8,0.67,0.73,0.71
0.8,0.67,0.73,0.73
0.8,0.67,0.73,0.73
0.8,0.67,0.73,0.73
0.8,0.67,0.72,0.73
0.8,0.67,0.72,0.72
0.8,0.67,0.72,0.72
0.8,0.67,0.72,0.72
0.8,0.67,0.72,0.72
0.8,0.67,0.72,0.72
0.8,0.67,0.72,0.72
0.8,0.67,0.73,0.72
0.8,0.67,0.73,0.73
0.8,0.67,0.73,0.73
0.8,0.67,0.72,0.73
0.8,0.67,0.73,0.72
0.8,0.67,0.72,0.73
0.8,0.67,0.72,0.72
0.8,0.67,0.73,0.72
0.8,0.67,0.72,0.73
0.8,0.67,0.73,0.72
0.8,0.67,0.72,0.73
0.8,0.67,0.72,0.72
0.8,0.67,0.72,0.72
0.8,0.67,0.73,0.72
0.8,0.67,0.74,0.73
0.8,0.67,0.73,0.74
0.8,0.67,0.72,0.73
0.8,0.67,0.73,0.72
0.8,0.67,0.72,0.73
0.8,0.67,0.72,0.72
0.8,0.67,0.7,0.72
0.8,0.67,0.75,0.7
0.8,0.67,0.69,0.75
0.8,0.67,0.7,0.69
0.8,0.67,0.7,0.7
0.8,0.67,0.67,0.7
0.8,0.67,0.7,0.67
0.8,0.67,0.7,0.7
0.8,0.67,0.68,0.7
0.8,0.67,0.67,0.68
0.8,0.67,0.67,0.67
0.8,0.67,0.7,0.67
0.8,0.68,0.7,0.7
0.8,0.68,0.7,0.7
0.8,0.68,0.7,0.7
0.8,0.68,0.7,0.7
0.8,0.68,0.7,0.7
0.8,0.68,0.7,0.7
0.8,0.68,0.69,0.7
0.8,0.68,0.69,0.69
0.8,0.68,0.7,0.69
0.8,0.68,0.7,0.7
0.8,0.68,0.7,0.7
0.8,0.68,0.7,0.7
0.8,0.68,0.7,0.7
0.8,0.68,0.7,0.7
0.8,0.68,0.7,0.7
0.8,0.68,0.7,0.7
0.8,0.68,0.7,0.7
0.8,0.68,0.7,0.7
0.8,0.68,0.7,0.7
0.8,0.68,0.68,0.7
0.8,0.68,0.7,0.68
0.8,0.7,0.7,0.7
0.8,0.7,0.7,0.7
0.8,0.7,0.7,0.7
0.8,0.7,0.7,0.7
0.8,0.7,0.7,0.7
0.8,0.7,0.71,0.7
0.8,0.7,0.7,0.71
0.8,0.7,0.7,0.7
0.8,0.7,0.71,0.7
0.8,0.71,0.71,0.71
0.8,0.71,0.71,0.71
0.8,0.71,0.72,0.71
0.8,0.72,0.72,0.72
0.8,0.72,0.72,0.72
0.8,0.72,0.72,0.72
0.8,0.72,0.73,0.72
0.8,0.73,0.74,0.73
0.8,0.73,0.73,0.74
0.8,0.73,0.73,0.73
0.8,0.73,0.73,0.73
0.8,0.73,0.73,0.73
0.8,0.73,0.73,0.73
0.8,0.73,0.74,0.73
0.8,0.73,0.74,0.74
0.8,0.73,0.73,0.74
0.8,0.73,0.74,0.73
0.8,0.74,0.74,0.74
0.8,0.74,0.74,0.74
0.8,0.74,0.74,0.74
0.8,0.74,0.74,0.74
0.8,0.74,0.74,0.74
0.8,0.74,0.74,0.74
0.8,0.74,0.75,0.74
0.8,0.74,0.74,0.75
0.8,0.74,0.74,0.74
0.8,0.74,0.75,0.74
0.8,0.75,0.75,0.75
0.8,0.75,0.75,0.75
0.8,0.75,0.75,0.75
0.8,0.75,0.75,0.75
0.8,0.75,0.75,0.75
0.8,0.75,0.76,0.75
0.8,0.76,0.76,0.76
0.8,0.76,0.76,0.76
0.8,0.76,0.77,0.76
0.8,0.77,0.78,0.77
0.8,0.78,0.78,0.78
0.8,0.78,0.78,0.78
0.8,0.78,0.79,0.78
0.8,0.79,0.79,0.79
0.8,0.79,0.79,0.79
0.8,0.79,0.79,0.79
0.8,0.79,0.79,0.79
0.8,0.79,0.79,0.79
0.8,0.79,0.79,0.79
0.8,0.79,0.79,0.79
0.8,0.79,0.79,0.79
0.8,0.79,0.8,0.79
0.8,0.79,0.79,0.8
0.93,0.75,0.8,0.79
0.93,0.75,0.8,0.8
0.93,0.75,0.78,0.8
0.93,0.75,0.77,0.78
0.93,0.75,0.77,0.77
0.93,0.75,0.77,0.77
0.93,0.75,0.78,0.77
0.93,0.75,0.78,0.78
0.93,0.75,0.78,0.78
0.93,0.75,0.78,0.78
0.93,0.75,0.79,0.78
0.93,0.75,0.79,0.79
0.93,0.75,0.79,0.79
0.93,0.75,0.78,0.79
0.93,0.75,0.8,0.78
0.93,0.75,0.78,0.8
0.93,0.75,0.81,0.78
0.93,0.75,0.8,0.81
0.93,0.75,0.8,0.8
0.93,0.75,0.81,0.8
0.93,0.75,0.82,0.81
0.93,0.75,0.82,0.82
0.93,0.75,0.8,0.82
0.93,0.75,0.8,0.8
0.93,0.75,0.82,0.8
0.93,0.75,0.82,0.82
0.93,0.75,0.86,0.82
0.93,0.75,0.84,0.86
0.93,0.75,0.88,0.84
0.93,0.75,0.88,0.88
0.93,0.75,0.87,0.88
0.93,0.75,0.85,0.87
0.93,0.75,0.88,0.85
0.93,0.75,0.88,0.88
0.93,0.75,0.88,0.88
0.93,0.75,0.88,0.88
0.93,0.75,0.9,0.88
0.93,0.75,0.9,0.9
0.93,0.75,0.9,0.9
0.93,0.75,0.9,0.9
0.93,0.75,0.9,0.9
0.93,0.75,0.91,0.9
0.93,0.75,0.91,0.91
0.93,0.75,0.91,0.91
0.93,0.75,0.9,0.9
0.93,0.75,0.9,0.91
0.93,0.75,0.9,0.9
0.93,0.75,0.9,0.9
0.93,0.75,0.9,0.9
0.93,0.75,0.9,0.9
0.93,0.75,0.89,0.9
0.93,0.75,0.9,0.89
0.93,0.75,0.91,0.9
0.93,0.75,0.93,0.91
0.93,0.75,0.92,0.93
0.93,0.75,0.93,0.92
0.93,0.75,0.93,0.93
0.93,0.75,0.93,0.93
0.93,0.75,0.9,0.93
0.92,0.75,0.9,0.9
0.92,0.75,0.92,0.9
0.92,0.75,0.91,0.92
0.88,0.75,0.88,0.91
0.88,0.75,0.85,0.88
0.85,0.75,0.85,0.85
0.85,0.75,0.84,0.85
0.84,0.75,0.8,0.84
0.8,0.75,0.8,0.8
0.8,0.75,0.8,0.8
0.8,0.75,0.82,0.8
0.8,0.75,0.8,0.8
0.8,0.75,0.78,0.8
0.78,0.75,0.77,0.78
0.77,0.75,0.76,0.77
0.76,0.75,0.76,0.76
0.76,0.75,0.75,0.76
0.75,0.75,0.75,0.75
0.75,0.75,0.75,0.75
0.75,0.75,0.75,0.75
0.75,0.75,0.75,0.75
